6,0,1,2,-64
6,1,1,2,-62
6,0,2,1,-60
6,2,1,2,-64
6,1,2,1,-60
6,3,1,2,-67
6,2,2,1,-71
6,4,1,2,-77
6,3,2,1,-60
6,5,1,2,-62
6,4,2,1,-59
6,6,1,2,-60
6,5,2,1,-59
6,7,1,2,-67
6,6,2,1,-63
6,8,1,2,-60
6,7,2,1,-54
6,9,1,2,-62
6,8,2,1,-64
6,10,1,2,-75
6,9,2,1,-80
6,11,1,2,-62
6,10,2,1,-56
6,12,1,2,-58
6,11,2,1,-56
6,13,1,2,-58
6,12,2,1,-57
6,14,1,2,-56
6,13,2,1,-58
6,15,1,2,-58
6,14,2,1,-61
6,16,1,2,-64
6,15,2,1,-62
6,17,1,2,-70
6,16,2,1,-63
6,18,1,2,-60
6,17,2,1,-57
6,19,1,2,-58
6,18,2,1,-59
6,20,1,2,-64
6,19,2,1,-65
6,21,1,2,-61
6,20,2,1,-59
6,22,1,2,-61
6,21,2,1,-54
6,23,1,2,-61
6,22,2,1,-58
6,24,1,2,-63
6,23,2,1,-62
6,25,1,2,-62
6,24,2,1,-57
6,26,1,2,-76
6,25,2,1,-70
6,27,1,2,-64
6,26,2,1,-58
6,28,1,2,-62
6,27,2,1,-62
6,29,1,2,-64
6,28,2,1,-55
6,30,1,2,-59
6,29,2,1,-58
6,31,1,2,-58
6,30,2,1,-57
6,32,1,2,-61
6,31,2,1,-58
6,33,1,2,-62
6,32,2,1,-60
6,34,1,2,-64
6,33,2,1,-60
6,35,1,2,-61
6,34,2,1,-58
6,36,1,2,-62
6,35,2,1,-60
6,37,1,2,-64
6,36,2,1,-61
6,38,1,2,-60
6,37,2,1,-56
6,39,1,2,-62
6,38,2,1,-64
6,40,1,2,-72
6,39,2,1,-71
6,41,1,2,-63
6,40,2,1,-61
6,42,1,2,-68
6,41,2,1,-66
6,43,1,2,-68
6,42,2,1,-60
6,44,1,2,-64
6,43,2,1,-65
6,45,1,2,-70
6,44,2,1,-68
6,46,1,2,-78
6,45,2,1,-72
6,47,1,2,-79
6,46,2,1,-74
6,48,1,2,-68
6,47,2,1,-62
6,49,1,2,-66
6,48,2,1,-60
6,50,1,2,-64
6,49,2,1,-62
6,51,1,2,-72
6,50,2,1,-78
6,52,1,2,-68
6,53,1,2,-64
6,51,2,1,-63
6,54,1,2,-73
6,52,2,1,-61
6,55,1,2,-64
6,53,2,1,-60
6,56,1,2,-62
6,54,2,1,-59
6,57,1,2,-62
6,55,2,1,-64
6,58,1,2,-58
6,56,2,1,-56
6,59,1,2,-62
6,57,2,1,-60
6,60,1,2,-65
6,58,2,1,-62
6,61,1,2,-62
6,59,2,1,-56
6,62,1,2,-58
6,60,2,1,-58
6,63,1,2,-58
6,61,2,1,-56
6,64,1,2,-69
6,62,2,1,-63
6,65,1,2,-69
6,63,2,1,-65
6,66,1,2,-65
6,64,2,1,-56
6,67,1,2,-60
6,65,2,1,-59
6,68,1,2,-66
6,66,2,1,-69
6,69,1,2,-60
6,67,2,1,-57
6,70,1,2,-60
6,68,2,1,-54
6,71,1,2,-59
6,69,2,1,-56
6,72,1,2,-70
6,70,2,1,-66
6,73,1,2,-64
6,71,2,1,-60
6,74,1,2,-62
6,72,2,1,-60
6,75,1,2,-64
6,73,2,1,-62
6,76,1,2,-70
6,74,2,1,-64
6,77,1,2,-59
6,75,2,1,-59
6,78,1,2,-61
6,76,2,1,-56
6,79,1,2,-58
6,77,2,1,-58
6,80,1,2,-58
6,78,2,1,-57
6,81,1,2,-59
6,79,2,1,-58
6,82,1,2,-60
6,80,2,1,-54
6,83,1,2,-62
6,81,2,1,-56
6,84,1,2,-65
6,82,2,1,-62
6,85,1,2,-64
6,83,2,1,-58
6,86,1,2,-58
6,84,2,1,-58
6,87,1,2,-61
6,85,2,1,-59
6,88,1,2,-60
6,86,2,1,-56
6,89,1,2,-64
6,87,2,1,-62
6,90,1,2,-65
6,88,2,1,-60
6,91,1,2,-62
6,89,2,1,-56
6,92,1,2,-60
6,90,2,1,-58
6,93,1,2,-58
6,91,2,1,-57
6,94,1,2,-62
6,92,2,1,-54
6,95,1,2,-54
6,93,2,1,-55
6,96,1,2,-52
6,94,2,1,-51
6,97,1,2,-56
6,95,2,1,-58
6,98,1,2,-62
6,96,2,1,-62
6,99,1,2,-58
6,97,2,1,-58
6,100,1,2,-58
6,98,2,1,-59
6,101,1,2,-58
6,99,2,1,-59
6,102,1,2,-58
6,100,2,1,-58
6,103,1,2,-62
6,101,2,1,-59
6,104,1,2,-57
6,102,2,1,-56
6,105,1,2,-58
6,103,2,1,-57
6,106,1,2,-60
6,104,2,1,-56
6,107,1,2,-60
6,105,2,1,-60
6,108,1,2,-67
6,106,2,1,-65
6,109,1,2,-62
6,107,2,1,-63
6,110,1,2,-61
6,108,2,1,-57
6,111,1,2,-58
6,109,2,1,-55
6,112,1,2,-62
6,110,2,1,-57
6,113,1,2,-54
6,111,2,1,-57
6,114,1,2,-60
6,112,2,1,-59
6,115,1,2,-61
6,113,2,1,-66
6,116,1,2,-60
6,114,2,1,-56
6,117,1,2,-58
6,115,2,1,-58
6,118,1,2,-60
6,116,2,1,-55
6,119,1,2,-61
6,117,2,1,-59
6,120,1,2,-61
6,118,2,1,-61
6,121,1,2,-63
6,119,2,1,-60
6,122,1,2,-63
6,120,2,1,-56
6,123,1,2,-58
6,121,2,1,-56
6,124,1,2,-58
6,122,2,1,-59
6,125,1,2,-59
6,123,2,1,-56
6,126,1,2,-62
6,124,2,1,-58
6,127,1,2,-62
6,125,2,1,-63
6,128,1,2,-66
6,126,2,1,-63
6,129,1,2,-60
6,127,2,1,-54
6,130,1,2,-62
6,128,2,1,-60
6,131,1,2,-62
6,129,2,1,-58
6,132,1,2,-62
6,130,2,1,-60
6,133,1,2,-66
6,131,2,1,-64
6,134,1,2,-68
6,132,2,1,-62
6,135,1,2,-65
6,133,2,1,-65
6,136,1,2,-70
6,134,2,1,-67
6,137,1,2,-65
6,135,2,1,-62
6,138,1,2,-63
6,136,2,1,-59
6,139,1,2,-64
6,137,2,1,-62
6,140,1,2,-66
6,138,2,1,-63
6,141,1,2,-67
6,139,2,1,-63
6,142,1,2,-66
6,140,2,1,-63
6,143,1,2,-66
6,141,2,1,-60
6,144,1,2,-62
6,142,2,1,-60
6,145,1,2,-74
6,143,2,1,-75
6,146,1,2,-70
6,144,2,1,-62
6,147,1,2,-58
6,145,2,1,-58
6,148,1,2,-62
6,146,2,1,-61
6,149,1,2,-63
6,147,2,1,-60
6,150,1,2,-62
6,148,2,1,-55
6,151,1,2,-60
6,149,2,1,-56
6,152,1,2,-65
6,150,2,1,-62
6,153,1,2,-66
6,151,2,1,-62
6,154,1,2,-60
6,152,2,1,-59
6,155,1,2,-60
6,153,2,1,-62
6,156,1,2,-68
6,154,2,1,-60
6,157,1,2,-54
6,155,2,1,-59
6,158,1,2,-64
6,156,2,1,-56
6,159,1,2,-54
6,157,2,1,-56
6,160,1,2,-54
6,158,2,1,-58
6,161,1,2,-58
6,159,2,1,-56
6,162,1,2,-54
6,160,2,1,-57
6,163,1,2,-62
6,161,2,1,-59
6,164,1,2,-60
6,162,2,1,-57
6,165,1,2,-58
6,163,2,1,-59
6,166,1,2,-62
6,164,2,1,-58
6,167,1,2,-60
6,165,2,1,-59
6,168,1,2,-58
6,166,2,1,-56
6,169,1,2,-54
6,167,2,1,-55
6,170,1,2,-54
6,168,2,1,-59
6,171,1,2,-58
6,169,2,1,-58
6,172,1,2,-59
6,170,2,1,-59
6,173,1,2,-58
6,171,2,1,-55
6,174,1,2,-58
6,172,2,1,-59
6,175,1,2,-62
6,173,2,1,-67
6,176,1,2,-66
6,174,2,1,-63
6,177,1,2,-64
6,175,2,1,-61
6,178,1,2,-60
6,176,2,1,-54
6,179,1,2,-60
6,177,2,1,-56
6,180,1,2,-58
6,178,2,1,-56
6,181,1,2,-56
6,179,2,1,-53
6,182,1,2,-55
6,180,2,1,-53
6,183,1,2,-55
6,181,2,1,-53
6,184,1,2,-54
6,182,2,1,-57
6,185,1,2,-59
6,183,2,1,-57
6,186,1,2,-60
6,184,2,1,-56
6,187,1,2,-62
6,185,2,1,-56
6,188,1,2,-58
6,186,2,1,-57
6,189,1,2,-59
6,187,2,1,-60
6,190,1,2,-62
6,188,2,1,-56
6,191,1,2,-58
6,189,2,1,-58
6,192,1,2,-58
6,190,2,1,-57
6,193,1,2,-58
6,191,2,1,-60
6,194,1,2,-62
6,192,2,1,-63
6,195,1,2,-60
6,193,2,1,-54
6,196,1,2,-54
6,194,2,1,-56
6,197,1,2,-81
6,195,2,1,-60
6,198,1,2,-59
6,196,2,1,-59
6,199,1,2,-66
6,197,2,1,-70
6,198,2,1,-79
6,200,1,2,-76
6,199,2,1,-68
6,201,1,2,-65
6,200,2,1,-55
6,202,1,2,-60
6,201,2,1,-55
6,203,1,2,-62
6,202,2,1,-58
6,204,1,2,-68
6,203,2,1,-68
6,205,1,2,-64
6,204,2,1,-60
6,206,1,2,-62
6,205,2,1,-56
6,207,1,2,-76
6,206,2,1,-61
6,208,1,2,-60
6,207,2,1,-60
6,209,1,2,-64
6,208,2,1,-60
6,210,1,2,-60
6,209,2,1,-59
6,211,1,2,-74
6,210,2,1,-54
6,212,1,2,-53
6,211,2,1,-51
6,213,1,2,-51
6,212,2,1,-51
6,214,1,2,-53
6,213,2,1,-50
6,215,1,2,-55
6,214,2,1,-54
6,216,1,2,-55
6,215,2,1,-52
6,217,1,2,-54
6,216,2,1,-52
6,218,1,2,-55
6,217,2,1,-56
6,219,1,2,-54
6,218,2,1,-56
6,220,1,2,-54
6,219,2,1,-57
6,221,1,2,-58
6,220,2,1,-59
6,222,1,2,-58
6,221,2,1,-57
6,223,1,2,-58
6,222,2,1,-59
6,224,1,2,-60
6,223,2,1,-59
6,225,1,2,-58
6,224,2,1,-58
6,226,1,2,-54
6,225,2,1,-55
6,227,1,2,-58
6,226,2,1,-58
6,228,1,2,-62
6,227,2,1,-58
6,229,1,2,-54
6,228,2,1,-57
6,230,1,2,-55
6,229,2,1,-52
6,231,1,2,-55
6,230,2,1,-55
6,232,1,2,-55
6,231,2,1,-53
6,233,1,2,-54
6,232,2,1,-50
6,234,1,2,-55
6,233,2,1,-58
6,235,1,2,-54
6,234,2,1,-58
6,236,1,2,-62
6,235,2,1,-54
6,237,1,2,-64
6,236,2,1,-60
6,238,1,2,-58
6,237,2,1,-57
6,239,1,2,-55
6,238,2,1,-58
6,240,1,2,-59
6,239,2,1,-59
6,241,1,2,-58
6,240,2,1,-57
6,242,1,2,-55
6,241,2,1,-57
6,243,1,2,-54
6,242,2,1,-57
6,244,1,2,-54
6,243,2,1,-56
6,245,1,2,-54
6,244,2,1,-56
6,246,1,2,-58
6,245,2,1,-58
6,247,1,2,-61
6,246,2,1,-60
6,248,1,2,-64
6,247,2,1,-62
6,247,2,1,-62
6,249,1,2,-62
6,248,2,1,-60
6,250,1,2,-62
6,249,2,1,-60
6,251,1,2,-62
6,250,2,1,-61
6,252,1,2,-65
6,251,2,1,-62
6,253,1,2,-62
6,252,2,1,-58
6,254,1,2,-56
6,253,2,1,-57
6,255,1,2,-59
6,254,2,1,-55
6,256,1,2,-61
6,255,2,1,-58
6,257,1,2,-62
6,256,2,1,-59
6,258,1,2,-60
6,257,2,1,-56
6,259,1,2,-59
6,258,2,1,-58
6,260,1,2,-58
6,259,2,1,-58
6,261,1,2,-54
6,260,2,1,-55
6,262,1,2,-55
6,261,2,1,-53
6,263,1,2,-56
6,262,2,1,-54
6,264,1,2,-55
6,263,2,1,-53
6,265,1,2,-55
6,264,2,1,-54
6,266,1,2,-54
6,265,2,1,-57
6,267,1,2,-58
6,266,2,1,-54
6,268,1,2,-62
6,267,2,1,-60
6,269,1,2,-70
6,268,2,1,-68
6,270,1,2,-62
6,269,2,1,-59
6,271,1,2,-65
6,270,2,1,-63
6,272,1,2,-62
6,271,2,1,-60
6,273,1,2,-62
6,272,2,1,-57
6,274,1,2,-60
6,273,2,1,-57
6,275,1,2,-58
6,274,2,1,-57
6,276,1,2,-58
6,275,2,1,-58
6,277,1,2,-60
6,276,2,1,-60
6,278,1,2,-64
6,277,2,1,-59
6,279,1,2,-64
6,278,2,1,-58
6,280,1,2,-58
6,279,2,1,-58
6,281,1,2,-55
6,280,2,1,-54
6,282,1,2,-54
6,281,2,1,-55
6,283,1,2,-54
6,282,2,1,-57
6,284,1,2,-54
6,283,2,1,-55
6,285,1,2,-58
6,284,2,1,-60
6,286,1,2,-62
6,285,2,1,-64
6,287,1,2,-60
6,286,2,1,-57
6,288,1,2,-54
6,287,2,1,-55
6,289,1,2,-54
6,288,2,1,-57
6,290,1,2,-58
6,289,2,1,-56
6,291,1,2,-54
6,290,2,1,-56
6,292,1,2,-58
6,291,2,1,-59
6,293,1,2,-58
6,292,2,1,-58
6,294,1,2,-60
6,293,2,1,-54
6,295,1,2,-59
6,294,2,1,-59
6,296,1,2,-60
6,295,2,1,-56
6,297,1,2,-60
6,296,2,1,-58
6,298,1,2,-59
6,297,2,1,-56
6,299,1,2,-60
6,298,2,1,-59
6,300,1,2,-60
6,299,2,1,-56
6,301,1,2,-62
6,300,2,1,-59
6,302,1,2,-60
6,301,2,1,-54
6,303,1,2,-59
6,302,2,1,-54
6,304,1,2,-60
6,303,2,1,-58
6,305,1,2,-58
6,304,2,1,-57
6,306,1,2,-61
6,305,2,1,-56
6,307,1,2,-58
6,306,2,1,-59
6,308,1,2,-60
6,307,2,1,-58
6,309,1,2,-58
6,308,2,1,-57
6,310,1,2,-54
6,309,2,1,-56
6,311,1,2,-58
6,310,2,1,-58
6,312,1,2,-54
6,311,2,1,-55
6,313,1,2,-54
6,312,2,1,-58
6,314,1,2,-60
6,313,2,1,-54
6,315,1,2,-58
6,314,2,1,-57
6,316,1,2,-54
6,315,2,1,-57
6,317,1,2,-54
6,316,2,1,-57
6,318,1,2,-54
6,317,2,1,-55
6,319,1,2,-54
6,318,2,1,-55
6,320,1,2,-54
6,319,2,1,-57
6,321,1,2,-59
6,320,2,1,-56
6,322,1,2,-55
6,321,2,1,-54
6,323,1,2,-58
6,322,2,1,-58
6,324,1,2,-59
6,323,2,1,-57
6,325,1,2,-56
6,324,2,1,-53
6,326,1,2,-54
6,325,2,1,-51
6,327,1,2,-53
6,326,2,1,-51
6,328,1,2,-54
6,327,2,1,-52
6,329,1,2,-56
6,328,2,1,-55
6,330,1,2,-54
6,329,2,1,-55
6,331,1,2,-54
6,330,2,1,-56
6,332,1,2,-53
6,331,2,1,-53
6,333,1,2,-53
6,332,2,1,-56
6,334,1,2,-54
6,333,2,1,-54
6,335,1,2,-54
6,334,2,1,-57
6,336,1,2,-58
6,335,2,1,-56
6,337,1,2,-54
6,336,2,1,-56
6,338,1,2,-54
6,337,2,1,-57
6,339,1,2,-58
6,338,2,1,-59
6,340,1,2,-58
6,339,2,1,-56
6,341,1,2,-54
6,340,2,1,-54
6,342,1,2,-56
6,341,2,1,-55
6,343,1,2,-54
6,342,2,1,-55
6,344,1,2,-56
6,343,2,1,-54
6,345,1,2,-55
6,344,2,1,-53
6,346,1,2,-55
6,345,2,1,-53
6,347,1,2,-55
6,346,2,1,-53
6,348,1,2,-55
6,347,2,1,-54
6,349,1,2,-55
6,348,2,1,-53
6,350,1,2,-55
6,349,2,1,-56
6,351,1,2,-56
6,350,2,1,-57
6,352,1,2,-55
6,351,2,1,-53
6,353,1,2,-56
6,352,2,1,-54
6,354,1,2,-56
6,353,2,1,-55
6,355,1,2,-55
6,354,2,1,-59
6,356,1,2,-54
6,355,2,1,-56
6,357,1,2,-58
6,356,2,1,-55
6,358,1,2,-54
6,357,2,1,-55
6,359,1,2,-58
6,358,2,1,-56
6,360,1,2,-55
6,359,2,1,-54
6,361,1,2,-54
6,360,2,1,-57
6,362,1,2,-54
6,361,2,1,-56
6,363,1,2,-54
6,362,2,1,-55
6,364,1,2,-55
6,363,2,1,-53
6,365,1,2,-56
6,364,2,1,-53
6,366,1,2,-53
6,365,2,1,-49
6,367,1,2,-55
6,366,2,1,-53
6,368,1,2,-54
6,367,2,1,-54
6,369,1,2,-54
6,368,2,1,-56
6,370,1,2,-54
6,369,2,1,-55
6,371,1,2,-56
6,370,2,1,-55
6,372,1,2,-54
6,371,2,1,-55
6,373,1,2,-54
6,372,2,1,-56
6,374,1,2,-60
6,373,2,1,-59
6,375,1,2,-58
6,374,2,1,-56
6,376,1,2,-58
6,375,2,1,-57
6,377,1,2,-54
6,376,2,1,-54
6,378,1,2,-54
6,377,2,1,-51
6,379,1,2,-53
6,378,2,1,-52
6,380,1,2,-55
6,379,2,1,-51
6,381,1,2,-53
6,380,2,1,-51
6,382,1,2,-53
6,381,2,1,-51
6,383,1,2,-53
6,382,2,1,-51
6,384,1,2,-55
6,383,2,1,-56
6,385,1,2,-56
6,384,2,1,-55
6,386,1,2,-56
6,385,2,1,-54
6,387,1,2,-56
6,386,2,1,-53
6,388,1,2,-58
6,387,2,1,-59
6,389,1,2,-54
6,388,2,1,-57
6,390,1,2,-56
6,389,2,1,-53
6,391,1,2,-54
6,390,2,1,-55
6,392,1,2,-56
6,391,2,1,-55
6,393,1,2,-54
6,392,2,1,-55
6,394,1,2,-54
6,393,2,1,-55
6,395,1,2,-56
6,394,2,1,-55
6,396,1,2,-55
6,395,2,1,-55
6,397,1,2,-54
6,396,2,1,-55
6,398,1,2,-58
6,397,2,1,-56
6,399,1,2,-56
6,398,2,1,-57
6,400,1,2,-60
6,399,2,1,-59
6,401,1,2,-60
6,400,2,1,-57
6,402,1,2,-55
6,401,2,1,-56
6,403,1,2,-58
6,402,2,1,-54
6,404,1,2,-59
6,403,2,1,-57
6,405,1,2,-60
6,404,2,1,-54
6,406,1,2,-58
6,405,2,1,-59
6,407,1,2,-60
6,407,1,2,-60
6,406,2,1,-54
6,408,1,2,-58
6,407,2,1,-56
6,409,1,2,-60
6,408,2,1,-58
6,410,1,2,-62
6,409,2,1,-59
6,411,1,2,-61
6,410,2,1,-54
6,412,1,2,-54
6,411,2,1,-60
6,413,1,2,-58
6,412,2,1,-59
6,414,1,2,-62
6,413,2,1,-58
6,415,1,2,-60
6,414,2,1,-54
6,416,1,2,-60
6,415,2,1,-54
6,417,1,2,-60
6,416,2,1,-54
6,418,1,2,-59
6,417,2,1,-59
6,419,1,2,-60
6,418,2,1,-54
6,420,1,2,-54
6,419,2,1,-57
6,421,1,2,-58
6,420,2,1,-56
6,422,1,2,-61
6,421,2,1,-56
6,423,1,2,-60
6,422,2,1,-54
6,424,1,2,-60
6,423,2,1,-55
6,425,1,2,-60
6,424,2,1,-55
6,426,1,2,-54
6,425,2,1,-56
6,427,1,2,-55
6,426,2,1,-53
6,428,1,2,-55
6,427,2,1,-52
6,429,1,2,-54
6,428,2,1,-52
6,430,1,2,-54
6,429,2,1,-52
6,431,1,2,-55
6,430,2,1,-55
6,432,1,2,-56
6,431,2,1,-54
6,433,1,2,-54
6,432,2,1,-51
6,434,1,2,-58
6,433,2,1,-57
6,435,1,2,-55
6,434,2,1,-53
6,436,1,2,-55
6,435,2,1,-53
6,437,1,2,-56
6,436,2,1,-55
6,438,1,2,-58
6,437,2,1,-59
6,439,1,2,-60
6,438,2,1,-59
6,440,1,2,-63
6,439,2,1,-60
6,441,1,2,-59
6,440,2,1,-55
6,442,1,2,-58
6,441,2,1,-57
6,443,1,2,-56
6,442,2,1,-56
6,444,1,2,-59
6,443,2,1,-58
6,445,1,2,-60
6,444,2,1,-58
6,446,1,2,-60
6,445,2,1,-54
6,447,1,2,-60
6,446,2,1,-56
6,448,1,2,-59
6,447,2,1,-57
6,449,1,2,-60
6,448,2,1,-61
6,450,1,2,-59
6,449,2,1,-56
6,451,1,2,-54
6,450,2,1,-56
6,452,1,2,-58
6,451,2,1,-54
6,453,1,2,-58
6,452,2,1,-55
6,454,1,2,-54
6,453,2,1,-58
6,455,1,2,-54
6,454,2,1,-58
6,456,1,2,-58
6,455,2,1,-54
6,457,1,2,-56
6,456,2,1,-58
6,458,1,2,-58
6,457,2,1,-59
6,459,1,2,-60
6,458,2,1,-55
6,460,1,2,-59
6,459,2,1,-59
6,461,1,2,-54
6,460,2,1,-56
6,462,1,2,-59
6,461,2,1,-58
6,463,1,2,-61
6,462,2,1,-63
6,464,1,2,-61
6,463,2,1,-60
6,465,1,2,-60
6,464,2,1,-56
6,466,1,2,-59
6,465,2,1,-58
6,467,1,2,-60
6,466,2,1,-60
6,468,1,2,-68
6,467,2,1,-70
6,469,1,2,-83
6,470,1,2,-76
6,468,2,1,-72
6,471,1,2,-72
6,469,2,1,-63
6,472,1,2,-62
6,470,2,1,-59
6,473,1,2,-62
6,471,2,1,-56
6,474,1,2,-60
6,472,2,1,-54
6,475,1,2,-58
6,473,2,1,-58
6,476,1,2,-54
6,474,2,1,-55
6,477,1,2,-54
6,475,2,1,-55
6,478,1,2,-55
6,476,2,1,-58
6,479,1,2,-55
6,477,2,1,-56
6,480,1,2,-54
6,478,2,1,-56
6,481,1,2,-54
6,479,2,1,-57
6,482,1,2,-54
6,480,2,1,-57
6,483,1,2,-58
6,481,2,1,-56
6,484,1,2,-54
6,482,2,1,-58
6,485,1,2,-60
6,483,2,1,-58
6,486,1,2,-62
6,484,2,1,-56
6,487,1,2,-59
6,485,2,1,-56
6,488,1,2,-58
6,486,2,1,-57
6,489,1,2,-58
6,487,2,1,-58
6,490,1,2,-60
6,488,2,1,-54
6,491,1,2,-61
6,489,2,1,-55
6,492,1,2,-60
6,490,2,1,-59
6,493,1,2,-58
6,491,2,1,-55
6,494,1,2,-62
6,492,2,1,-56
6,495,1,2,-60
6,493,2,1,-55
6,496,1,2,-60
6,494,2,1,-56
6,497,1,2,-61
6,495,2,1,-56
6,498,1,2,-60
6,496,2,1,-58
6,499,1,2,-60
6,497,2,1,-58
6,500,1,2,-62
6,498,2,1,-56
6,501,1,2,-60
6,499,2,1,-57
6,502,1,2,-60
6,500,2,1,-58
6,503,1,2,-62
6,501,2,1,-64
6,504,1,2,-60
6,502,2,1,-64
6,505,1,2,-62
6,503,2,1,-59
6,506,1,2,-62
6,504,2,1,-61
6,507,1,2,-62
6,505,2,1,-58
6,508,1,2,-61
6,506,2,1,-60
6,509,1,2,-62
6,507,2,1,-60
6,510,1,2,-62
6,508,2,1,-58
6,511,1,2,-60
6,509,2,1,-59
6,512,1,2,-58
6,510,2,1,-58
6,513,1,2,-58
6,511,2,1,-57
6,514,1,2,-55
6,512,2,1,-58
6,515,1,2,-58
6,513,2,1,-54
6,516,1,2,-61
6,514,2,1,-59
6,517,1,2,-55
6,515,2,1,-54
6,518,1,2,-58
6,516,2,1,-52
6,519,1,2,-55
6,517,2,1,-57
6,520,1,2,-52
6,518,2,1,-51
6,521,1,2,-58
6,519,2,1,-56
6,522,1,2,-62
6,520,2,1,-57
6,523,1,2,-56
6,521,2,1,-57
6,524,1,2,-58
6,522,2,1,-55
6,525,1,2,-55
6,523,2,1,-55
6,526,1,2,-57
6,524,2,1,-54
6,527,1,2,-58
6,525,2,1,-55
6,528,1,2,-58
6,528,1,2,-58
6,526,2,1,-58
6,529,1,2,-54
6,529,1,2,-54
6,527,2,1,-59
6,530,1,2,-63
6,528,2,1,-64
6,531,1,2,-70
6,529,2,1,-67
6,532,1,2,-76
6,530,2,1,-65
6,533,1,2,-58
6,531,2,1,-55
6,534,1,2,-55
6,532,2,1,-55
6,535,1,2,-55
6,533,2,1,-57
6,536,1,2,-54
6,534,2,1,-59
6,537,1,2,-58
6,535,2,1,-57
6,538,1,2,-54
6,536,2,1,-55
6,539,1,2,-55
6,537,2,1,-56
6,540,1,2,-62
6,538,2,1,-68
6,541,1,2,-70
6,539,2,1,-71
6,542,1,2,-81
6,543,1,2,-66
6,540,2,1,-63
6,544,1,2,-62
6,541,2,1,-67
6,545,1,2,-62
6,542,2,1,-59
6,546,1,2,-54
6,543,2,1,-57
6,547,1,2,-54
6,544,2,1,-59
6,548,1,2,-62
6,545,2,1,-63
6,549,1,2,-72
6,546,2,1,-68
6,550,1,2,-65
6,547,2,1,-64
6,551,1,2,-70
6,548,2,1,-68
6,552,1,2,-71
6,549,2,1,-73
6,553,1,2,-75
6,550,2,1,-75
6,554,1,2,-77
6,551,2,1,-81
6,555,1,2,-70
6,552,2,1,-69
6,556,1,2,-74
6,553,2,1,-77
6,557,1,2,-74
6,554,2,1,-73
6,558,1,2,-72
6,555,2,1,-69
6,559,1,2,-68
6,556,2,1,-62
6,560,1,2,-63
6,557,2,1,-61
6,561,1,2,-66
6,558,2,1,-64
6,562,1,2,-59
6,559,2,1,-63
6,563,1,2,-61
6,560,2,1,-61
6,564,1,2,-66
6,561,2,1,-64
6,565,1,2,-66
6,562,2,1,-62
6,566,1,2,-62
6,563,2,1,-56
6,567,1,2,-62
6,564,2,1,-65
6,568,1,2,-62
6,565,2,1,-59
6,569,1,2,-62
6,566,2,1,-60
6,570,1,2,-64
6,567,2,1,-66
6,571,1,2,-63
6,568,2,1,-60
6,572,1,2,-66
6,569,2,1,-64
6,573,1,2,-64
6,570,2,1,-60
6,574,1,2,-54
6,571,2,1,-57
6,575,1,2,-55
6,572,2,1,-57
6,576,1,2,-64
6,573,2,1,-61
6,577,1,2,-63
6,574,2,1,-54
6,578,1,2,-60
6,575,2,1,-60
6,579,1,2,-61
6,576,2,1,-60
6,580,1,2,-58
6,577,2,1,-56
6,581,1,2,-54
6,578,2,1,-57
6,582,1,2,-55
6,579,2,1,-59
6,583,1,2,-63
6,580,2,1,-61
6,584,1,2,-62
6,581,2,1,-62
6,585,1,2,-60
6,582,2,1,-60
6,586,1,2,-60
6,583,2,1,-58
6,587,1,2,-62
6,584,2,1,-58
6,588,1,2,-58
6,585,2,1,-58
6,589,1,2,-54
6,586,2,1,-55
6,590,1,2,-54
6,587,2,1,-56
6,591,1,2,-54
6,588,2,1,-58
6,592,1,2,-59
6,589,2,1,-54
6,593,1,2,-61
6,590,2,1,-61
6,594,1,2,-63
6,591,2,1,-61
6,595,1,2,-63
6,592,2,1,-59
6,596,1,2,-59
6,596,1,2,-59
6,593,2,1,-60
6,597,1,2,-60
6,594,2,1,-56
6,598,1,2,-59
6,595,2,1,-59
6,599,1,2,-59
6,596,2,1,-59
6,600,1,2,-59
6,597,2,1,-59
6,601,1,2,-60
6,598,2,1,-58
6,602,1,2,-64
6,599,2,1,-63
6,603,1,2,-67
6,600,2,1,-63
6,604,1,2,-60
6,601,2,1,-59
6,605,1,2,-54
6,602,2,1,-57
6,606,1,2,-60
6,603,2,1,-56
6,607,1,2,-72
6,604,2,1,-64
6,608,1,2,-63
6,605,2,1,-55
6,609,1,2,-58
6,606,2,1,-59
6,610,1,2,-54
6,607,2,1,-57
6,611,1,2,-64
6,608,2,1,-59
6,612,1,2,-54
6,609,2,1,-55
6,613,1,2,-54
6,610,2,1,-55
6,614,1,2,-57
6,611,2,1,-56
6,615,1,2,-63
6,612,2,1,-56
6,616,1,2,-54
6,613,2,1,-56
6,617,1,2,-54
6,614,2,1,-58
6,618,1,2,-58
6,615,2,1,-59
6,619,1,2,-63
6,616,2,1,-57
6,620,1,2,-61
6,617,2,1,-56
6,621,1,2,-60
6,618,2,1,-58
6,622,1,2,-59
6,619,2,1,-56
6,623,1,2,-62
6,620,2,1,-61
6,624,1,2,-67
6,621,2,1,-61
6,625,1,2,-59
6,622,2,1,-55
6,626,1,2,-60
6,623,2,1,-58
6,627,1,2,-58
6,624,2,1,-57
6,628,1,2,-54
6,625,2,1,-58
6,629,1,2,-56
6,626,2,1,-54
6,630,1,2,-60
6,627,2,1,-58
6,631,1,2,-62
6,628,2,1,-57
6,632,1,2,-58
6,629,2,1,-54
6,633,1,2,-58
6,630,2,1,-57
6,634,1,2,-58
6,631,2,1,-57
6,635,1,2,-58
6,632,2,1,-54
6,636,1,2,-58
6,633,2,1,-55
6,637,1,2,-54
6,634,2,1,-58
6,638,1,2,-62
6,635,2,1,-56
6,639,1,2,-58
6,636,2,1,-58
6,640,1,2,-60
6,637,2,1,-62
6,641,1,2,-68
6,638,2,1,-60
6,642,1,2,-60
6,639,2,1,-54
6,643,1,2,-60
6,640,2,1,-56
6,644,1,2,-60
6,641,2,1,-59
6,645,1,2,-59
6,642,2,1,-54
6,646,1,2,-62
6,643,2,1,-58
6,647,1,2,-58
6,644,2,1,-57
6,648,1,2,-62
6,645,2,1,-57
6,649,1,2,-54
6,646,2,1,-59
6,650,1,2,-62
6,647,2,1,-60
6,651,1,2,-62
6,648,2,1,-56
6,652,1,2,-62
6,649,2,1,-58
6,653,1,2,-61
6,650,2,1,-58
6,654,1,2,-62
6,651,2,1,-59
6,655,1,2,-62
6,652,2,1,-60
6,656,1,2,-64
6,653,2,1,-62
6,657,1,2,-64
6,654,2,1,-60
6,658,1,2,-60
6,655,2,1,-54
6,659,1,2,-61
6,656,2,1,-59
6,660,1,2,-61
6,657,2,1,-56
6,661,1,2,-60
6,658,2,1,-56
6,662,1,2,-62
6,659,2,1,-58
6,663,1,2,-64
6,660,2,1,-63
6,664,1,2,-68
6,661,2,1,-62
6,665,1,2,-64
6,662,2,1,-59
6,666,1,2,-60
6,663,2,1,-55
6,667,1,2,-60
6,664,2,1,-57
6,668,1,2,-60
6,665,2,1,-56
6,669,1,2,-62
6,666,2,1,-60
6,670,1,2,-62
6,667,2,1,-54
6,671,1,2,-60
6,668,2,1,-56
6,672,1,2,-60
6,669,2,1,-64
6,673,1,2,-66
6,670,2,1,-60
6,674,1,2,-62
6,671,2,1,-57
6,675,1,2,-60
6,672,2,1,-58
6,676,1,2,-62
6,673,2,1,-60
6,677,1,2,-64
6,674,2,1,-59
6,678,1,2,-62
6,675,2,1,-60
6,679,1,2,-64
6,676,2,1,-58
6,680,1,2,-59
6,677,2,1,-58
6,681,1,2,-58
6,678,2,1,-58
6,682,1,2,-60
6,679,2,1,-58
6,683,1,2,-61
6,680,2,1,-59
6,684,1,2,-64
6,681,2,1,-61
6,685,1,2,-60
6,682,2,1,-54
6,686,1,2,-59
6,683,2,1,-54
6,687,1,2,-60
6,684,2,1,-64
6,688,1,2,-63
6,685,2,1,-55
6,689,1,2,-65
6,686,2,1,-65
6,690,1,2,-66
6,687,2,1,-62
6,691,1,2,-63
6,688,2,1,-60
6,692,1,2,-63
6,689,2,1,-64
6,693,1,2,-63
6,690,2,1,-54
6,694,1,2,-58
6,691,2,1,-59
6,695,1,2,-62
6,692,2,1,-60
6,696,1,2,-63
6,693,2,1,-60
6,697,1,2,-62
6,694,2,1,-59
6,698,1,2,-64
6,695,2,1,-60
6,699,1,2,-60
6,696,2,1,-59
6,700,1,2,-58
6,697,2,1,-58
6,701,1,2,-62
6,698,2,1,-62
6,702,1,2,-63
6,699,2,1,-60
6,703,1,2,-60
6,700,2,1,-58
6,704,1,2,-59
6,701,2,1,-54
6,705,1,2,-64
6,702,2,1,-57
6,706,1,2,-60
6,703,2,1,-54
6,707,1,2,-60
6,704,2,1,-54
6,708,1,2,-65
6,705,2,1,-64
6,709,1,2,-62
6,706,2,1,-56
6,710,1,2,-66
6,707,2,1,-65
6,711,1,2,-66
6,708,2,1,-61
6,712,1,2,-63
6,709,2,1,-62
6,713,1,2,-70
6,710,2,1,-65
6,714,1,2,-64
6,711,2,1,-61
6,715,1,2,-64
6,712,2,1,-62
6,716,1,2,-65
6,713,2,1,-62
6,717,1,2,-64
6,714,2,1,-62
6,718,1,2,-71
6,715,2,1,-63
6,719,1,2,-62
6,716,2,1,-60
6,720,1,2,-63
6,717,2,1,-60
6,721,1,2,-62
6,718,2,1,-59
6,722,1,2,-61
6,719,2,1,-56
6,723,1,2,-59
6,720,2,1,-57
6,724,1,2,-60
6,721,2,1,-55
6,725,1,2,-62
6,722,2,1,-56
6,726,1,2,-62
6,723,2,1,-55
6,727,1,2,-60
6,724,2,1,-58
6,728,1,2,-60
6,725,2,1,-55
6,729,1,2,-58
6,726,2,1,-57
6,730,1,2,-59
6,727,2,1,-61
6,731,1,2,-64
6,728,2,1,-60
6,732,1,2,-63
6,729,2,1,-56
6,733,1,2,-54
6,730,2,1,-56
6,734,1,2,-58
6,731,2,1,-59
6,735,1,2,-59
6,732,2,1,-55
6,736,1,2,-58
6,733,2,1,-56
6,737,1,2,-58
6,734,2,1,-57
6,738,1,2,-54
6,735,2,1,-57
6,739,1,2,-58
6,736,2,1,-56
6,740,1,2,-54
6,737,2,1,-59
6,741,1,2,-60
6,738,2,1,-58
6,742,1,2,-54
6,739,2,1,-55
6,743,1,2,-58
6,740,2,1,-57
6,744,1,2,-58
6,741,2,1,-57
6,745,1,2,-58
6,742,2,1,-59
6,746,1,2,-58
6,743,2,1,-58
6,747,1,2,-56
6,744,2,1,-58
6,748,1,2,-59
6,745,2,1,-58
6,749,1,2,-59
6,746,2,1,-57
6,750,1,2,-58
6,747,2,1,-59
6,751,1,2,-58
6,748,2,1,-57
6,752,1,2,-62
6,749,2,1,-54
6,753,1,2,-59
6,750,2,1,-54
6,754,1,2,-58
6,751,2,1,-55
6,755,1,2,-56
6,752,2,1,-53
6,756,1,2,-55
6,753,2,1,-51
6,757,1,2,-54
6,754,2,1,-56
6,758,1,2,-59
6,755,2,1,-55
6,759,1,2,-65
6,756,2,1,-65
6,760,1,2,-67
6,757,2,1,-62
6,761,1,2,-59
6,758,2,1,-57
6,762,1,2,-54
6,759,2,1,-57
6,763,1,2,-60
6,760,2,1,-56
6,764,1,2,-60
6,761,2,1,-59
6,765,1,2,-68
6,762,2,1,-63
6,766,1,2,-62
6,763,2,1,-60
6,767,1,2,-63
6,764,2,1,-58
6,768,1,2,-61
6,765,2,1,-54
6,769,1,2,-59
6,766,2,1,-59
6,770,1,2,-59
6,767,2,1,-56
6,771,1,2,-60
6,768,2,1,-57
6,772,1,2,-58
6,769,2,1,-59
6,773,1,2,-59
6,770,2,1,-59
6,774,1,2,-60
6,771,2,1,-54
6,775,1,2,-58
6,772,2,1,-57
6,776,1,2,-59
6,773,2,1,-54
6,777,1,2,-60
6,774,2,1,-54
6,778,1,2,-60
6,775,2,1,-59
6,779,1,2,-58
6,776,2,1,-57
6,780,1,2,-59
6,777,2,1,-58
6,781,1,2,-58
6,778,2,1,-58
6,782,1,2,-58
6,779,2,1,-57
6,783,1,2,-58
6,780,2,1,-58
6,784,1,2,-60
6,781,2,1,-56
6,785,1,2,-60
6,782,2,1,-58
6,786,1,2,-54
6,783,2,1,-57
6,787,1,2,-58
6,784,2,1,-58
6,788,1,2,-54
6,785,2,1,-56
6,789,1,2,-54
6,786,2,1,-57
6,790,1,2,-54
6,787,2,1,-56
6,791,1,2,-53
6,788,2,1,-54
6,792,1,2,-54
6,789,2,1,-56
6,793,1,2,-58
6,790,2,1,-59
6,794,1,2,-60
6,791,2,1,-58
6,795,1,2,-60
6,792,2,1,-60
6,796,1,2,-58
6,793,2,1,-58
6,797,1,2,-60
6,794,2,1,-55
6,798,1,2,-62
6,795,2,1,-56
6,799,1,2,-60
6,796,2,1,-55
6,800,1,2,-59
6,797,2,1,-59
6,801,1,2,-54
6,798,2,1,-55
6,802,1,2,-58
6,799,2,1,-54
6,803,1,2,-58
6,800,2,1,-58
6,804,1,2,-58
6,801,2,1,-58
6,805,1,2,-59
6,802,2,1,-58
6,806,1,2,-58
6,803,2,1,-58
6,807,1,2,-58
6,804,2,1,-59
6,808,1,2,-59
6,805,2,1,-57
6,809,1,2,-58
6,806,2,1,-59
6,810,1,2,-60
6,807,2,1,-58
6,811,1,2,-54
6,808,2,1,-59
6,812,1,2,-61
6,809,2,1,-56
6,813,1,2,-60
6,810,2,1,-56
6,814,1,2,-66
6,811,2,1,-62
6,815,1,2,-62
6,812,2,1,-56
6,816,1,2,-60
6,813,2,1,-55
6,817,1,2,-60
6,814,2,1,-54
6,818,1,2,-60
6,815,2,1,-55
6,819,1,2,-58
6,816,2,1,-54
6,820,1,2,-60
6,817,2,1,-54
6,821,1,2,-60
6,818,2,1,-58
6,822,1,2,-58
6,819,2,1,-56
6,823,1,2,-58
6,820,2,1,-58
6,824,1,2,-60
6,821,2,1,-54
6,825,1,2,-59
6,822,2,1,-56
6,826,1,2,-62
6,823,2,1,-56
6,827,1,2,-60
6,824,2,1,-56
6,828,1,2,-68
6,825,2,1,-64
6,829,1,2,-62
6,826,2,1,-58
6,830,1,2,-58
6,827,2,1,-60
6,831,1,2,-60
6,828,2,1,-59
6,832,1,2,-57
6,829,2,1,-55
6,833,1,2,-56
6,830,2,1,-55
6,834,1,2,-66
6,831,2,1,-59
6,835,1,2,-63
6,832,2,1,-59
6,836,1,2,-56
6,833,2,1,-54
6,837,1,2,-59
6,834,2,1,-58
6,838,1,2,-62
6,835,2,1,-58
6,839,1,2,-60
6,836,2,1,-56
6,840,1,2,-58
6,837,2,1,-59
6,841,1,2,-60
6,838,2,1,-57
6,842,1,2,-54
6,839,2,1,-56
6,843,1,2,-58
6,840,2,1,-57
6,844,1,2,-59
6,841,2,1,-54
6,845,1,2,-59
6,842,2,1,-58
6,846,1,2,-58
6,843,2,1,-54
6,847,1,2,-59
6,844,2,1,-58
6,848,1,2,-58
6,845,2,1,-59
6,849,1,2,-59
6,846,2,1,-59
6,850,1,2,-54
6,847,2,1,-55
6,851,1,2,-56
6,848,2,1,-54
6,852,1,2,-54
6,849,2,1,-55
6,853,1,2,-58
6,850,2,1,-58
6,854,1,2,-59
6,851,2,1,-57
6,855,1,2,-54
6,852,2,1,-57
6,856,1,2,-58
6,853,2,1,-58
6,857,1,2,-58
6,854,2,1,-58
6,858,1,2,-60
6,855,2,1,-54
6,859,1,2,-60
6,856,2,1,-58
6,860,1,2,-54
6,857,2,1,-56
6,861,1,2,-62
6,858,2,1,-58
6,862,1,2,-60
6,859,2,1,-55
6,863,1,2,-62
6,860,2,1,-59
6,864,1,2,-58
6,861,2,1,-56
6,865,1,2,-58
6,862,2,1,-55
6,866,1,2,-58
6,863,2,1,-59
6,867,1,2,-60
6,864,2,1,-59
6,868,1,2,-59
6,865,2,1,-61
6,869,1,2,-60
6,866,2,1,-54
6,870,1,2,-60
6,867,2,1,-54
6,871,1,2,-60
6,868,2,1,-54
6,872,1,2,-60
6,869,2,1,-55
6,873,1,2,-60
6,870,2,1,-58
6,874,1,2,-58
6,871,2,1,-57
6,875,1,2,-58
6,872,2,1,-57
6,876,1,2,-60
6,873,2,1,-56
6,877,1,2,-62
6,874,2,1,-56
6,878,1,2,-58
6,875,2,1,-59
6,879,1,2,-59
6,876,2,1,-55
6,880,1,2,-60
6,877,2,1,-56
6,881,1,2,-60
6,878,2,1,-54
6,882,1,2,-60
6,879,2,1,-54
6,883,1,2,-58
6,880,2,1,-59
6,884,1,2,-58
6,881,2,1,-57
6,885,1,2,-59
6,882,2,1,-58
6,886,1,2,-58
6,883,2,1,-59
6,887,1,2,-58
6,884,2,1,-58
6,888,1,2,-59
6,885,2,1,-59
6,889,1,2,-59
6,886,2,1,-58
6,890,1,2,-59
6,887,2,1,-56
6,891,1,2,-59
6,888,2,1,-54
6,892,1,2,-60
6,889,2,1,-54
6,893,1,2,-59
6,890,2,1,-54
6,894,1,2,-60
6,891,2,1,-54
6,895,1,2,-60
6,892,2,1,-55
6,896,1,2,-61
6,893,2,1,-56
6,897,1,2,-60
6,894,2,1,-60
6,898,1,2,-59
6,895,2,1,-55
6,899,1,2,-60
6,896,2,1,-55
6,900,1,2,-60
6,897,2,1,-55
6,901,1,2,-60
6,898,2,1,-59
6,902,1,2,-60
6,899,2,1,-55
6,903,1,2,-60
6,900,2,1,-55
6,904,1,2,-60
6,901,2,1,-57
6,905,1,2,-59
6,902,2,1,-55
6,906,1,2,-62
6,903,2,1,-60
6,907,1,2,-62
6,904,2,1,-59
6,908,1,2,-60
6,905,2,1,-54
6,909,1,2,-59
6,906,2,1,-58
6,910,1,2,-58
6,907,2,1,-58
6,911,1,2,-58
6,908,2,1,-58
6,912,1,2,-59
6,909,2,1,-54
6,913,1,2,-60
6,910,2,1,-54
6,914,1,2,-62
6,911,2,1,-60
6,915,1,2,-64
6,912,2,1,-64
6,916,1,2,-66
6,913,2,1,-62
6,917,1,2,-64
6,914,2,1,-61
6,918,1,2,-62
6,915,2,1,-59
6,919,1,2,-62
6,916,2,1,-58
6,920,1,2,-64
6,917,2,1,-62
6,921,1,2,-64
6,918,2,1,-61
6,922,1,2,-64
6,919,2,1,-62
6,923,1,2,-63
6,920,2,1,-62
6,924,1,2,-64
6,921,2,1,-62
6,925,1,2,-66
6,922,2,1,-61
6,926,1,2,-63
6,923,2,1,-62
6,927,1,2,-64
6,924,2,1,-61
6,928,1,2,-61
6,925,2,1,-56
6,929,1,2,-62
6,926,2,1,-62
6,930,1,2,-68
6,927,2,1,-66
6,931,1,2,-70
6,928,2,1,-66
6,932,1,2,-65
6,929,2,1,-66
6,933,1,2,-68
6,930,2,1,-67
6,934,1,2,-73
6,931,2,1,-68
6,935,1,2,-70
6,932,2,1,-68
6,936,1,2,-68
6,933,2,1,-64
6,937,1,2,-65
6,934,2,1,-62
6,938,1,2,-65
6,935,2,1,-62
6,939,1,2,-64
6,936,2,1,-61
6,940,1,2,-64
6,937,2,1,-61
6,941,1,2,-64
6,938,2,1,-61
6,942,1,2,-64
6,939,2,1,-62
6,943,1,2,-64
6,940,2,1,-67
6,944,1,2,-64
6,941,2,1,-60
6,945,1,2,-66
6,942,2,1,-62
6,946,1,2,-62
6,943,2,1,-58
6,947,1,2,-62
6,944,2,1,-61
6,948,1,2,-62
6,945,2,1,-56
6,949,1,2,-60
6,946,2,1,-60
6,950,1,2,-64
6,947,2,1,-62
6,951,1,2,-66
6,948,2,1,-61
6,952,1,2,-64
6,949,2,1,-58
6,953,1,2,-64
6,950,2,1,-65
6,954,1,2,-66
6,951,2,1,-60
6,955,1,2,-70
6,952,2,1,-60
6,956,1,2,-64
6,953,2,1,-62
6,957,1,2,-64
6,954,2,1,-60
6,958,1,2,-60
6,955,2,1,-58
6,959,1,2,-58
6,956,2,1,-58
6,960,1,2,-58
6,957,2,1,-54
6,961,1,2,-60
6,958,2,1,-58
6,962,1,2,-60
6,959,2,1,-54
6,963,1,2,-60
6,960,2,1,-58
6,964,1,2,-63
6,961,2,1,-59
6,965,1,2,-62
6,962,2,1,-56
6,966,1,2,-60
6,963,2,1,-57
6,967,1,2,-58
6,964,2,1,-57
6,968,1,2,-59
6,965,2,1,-54
6,969,1,2,-59
6,966,2,1,-58
6,970,1,2,-60
6,967,2,1,-54
6,971,1,2,-60
6,968,2,1,-58
6,972,1,2,-60
6,969,2,1,-55
6,973,1,2,-62
6,970,2,1,-59
6,974,1,2,-64
6,971,2,1,-62
6,975,1,2,-64
6,972,2,1,-58
6,976,1,2,-60
6,973,2,1,-56
6,977,1,2,-60
6,974,2,1,-58
6,978,1,2,-59
6,975,2,1,-58
6,979,1,2,-59
6,976,2,1,-59
6,980,1,2,-60
6,977,2,1,-54
6,981,1,2,-60
6,978,2,1,-54
6,982,1,2,-60
6,979,2,1,-55
6,983,1,2,-60
6,980,2,1,-54
6,984,1,2,-60
6,981,2,1,-56
6,985,1,2,-60
6,982,2,1,-58
6,986,1,2,-60
6,983,2,1,-54
6,987,1,2,-60
6,984,2,1,-54
6,988,1,2,-60
6,985,2,1,-56
6,989,1,2,-61
6,986,2,1,-58
6,990,1,2,-62
6,987,2,1,-57
6,991,1,2,-64
6,988,2,1,-62
6,992,1,2,-66
6,989,2,1,-64
6,993,1,2,-68
